<?xml version="1.0" encoding="UTF-8"?>
<project-private xmlns="http://www.netbeans.org/ns/project-private/1">
    <editor-bookmarks xmlns="http://www.netbeans.org/ns/editor-bookmarks/2" lastBookmarkId="0"/>
    <open-files xmlns="http://www.netbeans.org/ns/projectui-open-files/2">
        <group name="medoc">
            <file>file:/C:/Users/Dell/Documents/NetBeansProjects/WebApplication1/web/singup.jsp</file>
            <file>file:/C:/Users/Dell/Documents/NetBeansProjects/WebApplication1/src/java/dbconn/dbconnect.java</file>
            <file>file:/C:/Users/Dell/Documents/NetBeansProjects/WebApplication1/web/login.jsp</file>
            <file>file:/C:/Users/Dell/Documents/NetBeansProjects/WebApplication1/web/login1.jsp</file>
            <file>file:/C:/Users/Dell/Documents/NetBeansProjects/WebApplication1/web/index.html</file>
        </group>
    </open-files>
</project-private>
